{
  "project_info": {
    "project_number": "282804894444",
    "firebase_url": "https://deposits-application.firebaseio.com",
    "project_id": "deposits-application",
    "storage_bucket": "deposits-application.appspot.com"
  },
  "client": [
    {
      "client_info": {
        "mobilesdk_app_id": "1:282804894444:android:ab69df92850fddbdfd83c9",
        "android_client_info": {
          "package_name": "com.example.depositsapplication"
        }
      },
      "oauth_client": [
        {
          "client_id": "282804894444-8drff2sjppgf157t198st8269sej2miu.apps.googleusercontent.com",
          "client_type": 1,
          "android_info": {
            "package_name": "com.example.depositsapplication",
            "certificate_hash": "bb2fe672e4c6a54745feb1bb11dc527c32b6a529"
          }
        },
        {
          "client_id": "282804894444-ps0gp9fhf6bc1jdbk5lkc3opd5bdcck0.apps.googleusercontent.com",
          "client_type": 3
        }
      ],
      "api_key": [
        {
          "current_key": "AIzaSyCmzK4PzLQfnUzjQZSVjBS_qGxwJhY64aI"
        }
      ],
      "services": {
        "appinvite_service": {
          "other_platform_oauth_client": [
            {
              "client_id": "282804894444-ps0gp9fhf6bc1jdbk5lkc3opd5bdcck0.apps.googleusercontent.com",
              "client_type": 3
            }
          ]
        }
      }
    }
  ],
  "configuration_version": "1"
}